Workbook

Sheet Лист1
A1: A (Задача) | B1: B (Участник 1) | C1: C (Участник 2) | D1: D (Участник 3) | E1: Столбец 1 | F1: Задача | G1: Часы | H1: Столбец 2 | I1: Задача 2 | J1: У1 | K1: У2 | L1: У3 | M1: Сумма | N1: Итоговое значение | O1: Столбец 3
A2: T3.1 | B2: 4 | C2: 2 | D2: 5 | F2: T3.1 | G2: 6 | I2: T3.1 | J2: 0 | K2: 0 | L2: 1 | M2: =SUM(J2,K2,L2) -> 1 | N2: =SUMPRODUCT(J2:L12,B2:D12) -> 54 | P2: 1
A3: T3.2 | B3: 2 | C3: 5 | D3: 3 | F3: T3.2 | G3: 2 | I3: T3.2 | J3: 0 | K3: 1 | L3: 0 | M3: =SUM(J3,K3,L3) -> 1 | P3: 14
A4: T3.3 | B4: 3 | C4: 5 | D4: 4 | F4: T3.3 | G4: 3.2 | I4: T3.3 | J4: 0 | K4: 1 | L4: 0 | M4: =SUM(J4,K4,L4) -> 1
A5: T3.4 | B5: 2 | C5: 4 | D5: 3 | F5: T3.4 | G5: 2 | I5: T3.4 | J5: 0 | K5: 1 | L5: 0 | M5: =SUM(J5,K5,L5) -> 1
A6: T3.5 | B6: 3 | C6: 5 | D6: 4 | F6: T3.5 | G6: 3 | I6: T3.5 | J6: 0 | K6: 1 | L6: 0 | M6: =SUM(J6,K6,L6) -> 1
A7: T3.6 | B7: 5 | C7: 3 | D7: 4 | F7: T3.6 | G7: 2 | I7: T3.6 | J7: 1 | K7: 0 | L7: 0 | M7: =SUM(J7,K7,L7) -> 1
A8: T3.7 | B8: 5 | C8: 3 | D8: 5 | F8: T3.7 | G8: 2 | I8: T3.7 | J8: 1 | K8: 0 | L8: 0 | M8: =SUM(J8,K8,L8) -> 1
A9: T3.8 | B9: 4 | C9: 3 | D9: 5 | F9: T3.8 | G9: 1.2 | I9: T3.8 | J9: 0 | K9: 0 | L9: 1 | M9: =SUM(J9,K9,L9) -> 1
A10: T3.9 | B10: 5 | C10: 4 | D10: 5 | F10: T3.9 | G10: 3 | I10: T3.9 | J10: 1 | K10: 0 | L10: 0 | M10: =SUM(J10,K10,L10) -> 1
A11: T3.10 | B11: 5 | C11: 4 | D11: 5 | F11: T3.10 | G11: 3.2 | I11: T3.10 | J11: 1 | K11: 0 | L11: 0 | M11: =SUM(J11,K11,L11) -> 1
A12: T3.11 | B12: 4 | C12: 3 | D12: 5 | F12: T3.11 | G12: 4 | I12: T3.11 | J12: 0 | K12: 0 | L12: 1 | M12: =SUM(J12,K12,L12) -> 1
G13: =SUM(G2:G12 ) -> 31.6 | J13: =SUMPRODUCT(J2:J12,$G$2:$G$12) -> 10.2 | K13: =SUMPRODUCT(K2:K12,$G$2:$G$12) -> 10.2 | L13: =SUMPRODUCT(L2:L12,$G$2:$G$12) -> 11.2 | M13: =SUM(M2:M12 ) -> 11

Sheet __OpenSolverCache__

Sheet __OpenSolver__
A1: =ModelSheet='Лист1'!A:Z -> #NAME?
A2: =OpenSolver_AdjNum=1 -> #NAME?
A3: =OpenSolver_ChosenSolver=Google -> #NAME?
A4: =OpenSolver_FastBuild=0 -> #NAME?
A5: =OpenSolver_LinearityCheck=1 -> #NAME?
A6: =solver_adj='Лист1'!J2:L12 -> #NAME?
A7: =solver_lhs1='Лист1'!M2:M12 -> #NAME?
A8: =solver_lhs2='Лист1'!J13 -> #NAME?
A9: =solver_lhs3='Лист1'!K13 -> #NAME?
A10: =solver_lhs4='Лист1'!L13 -> #NAME?
A11: =solver_lhs5='Лист1'!J2:L12 -> #NAME?
A12: =solver_neg=1 -> #NAME?
A13: =solver_num=5 -> #NAME?
A14: =solver_opt='Лист1'!N2 -> #NAME?
A15: =solver_rel1=2 -> #NAME?
A16: =solver_rel2=1 -> #NAME?
A17: =solver_rel3=1 -> #NAME?
A18: =solver_rel4=1 -> #NAME?
A19: =solver_rel5=5 -> #NAME?
A20: =solver_rhs1='Лист1'!P2 -> #NAME?
A21: =solver_rhs2='Лист1'!P3 -> #NAME?
A22: =solver_rhs3='Лист1'!P3 -> #NAME?
A23: =solver_rhs4='Лист1'!P3 -> #NAME?
A24: =solver_rhs5=binary -> #NAME?
A25: =solver_sho=1 -> #NAME?
A26: =solver_typ=1 -> #NAME?
A27: =solver_val=0 -> #NAME?
