Workbook

Sheet Overview
A1: Фаза 1 — расчёты выбора концепции (FinMate)
A4: Код | B4: Альтернативы (концепции) | C4: Код | D4: Критерий | E4: Тип | F4: Пояснение
A5: A1 | B5: SmartMenu AI (Генератор рецептов по фото продуктов) | C5: C1 | D5: Рыночный потенциал | E5: Benefit | F5: Размер рынка/спрос, хайп вокруг AI, актуальность проблемы Food Waste
A6: A2 | B6: LocalGigs (Гиперлокальный поиск исполнителей) | C6: C2 | D6: Конкурентоспособность | E6: Benefit | F6: Наличие конкурентов (Авито/Профи) и возможность выделиться (гео <1км)
A7: A3 | B7: SkillMatch B2B (Платформа внутренней ротации кадров) | C7: C3 | D7: Сложность разработки | E7: Cost | F7: Сложность реализации, риски, неопределённость, объём работ (R&D)
A8: A4 | B8: EcoHabit (Эко-трекер с системой лояльности) | C8: C4 | D8: Потенциал монетизации | E8: Benefit | F8: Возможность получать доход: подписка, комиссия с партнеров, B2B контракты

Sheet FuzzyInput
A1: Экспертные трёхточечные оценки (l / m / u)
A3: 1) Веса критериев (треугольные числа, сумма нормируется)
A4: Критерий | B4: Никита l | C4: Никита m | D4: Никита u | E4: Александр l | F4: Александр m | G4: Александр u | H4: Кирилл l | I4: Кирилл m | J4: Кирилл u | K4: Среднее l | L4: Среднее m | M4: Среднее u | N4: Норм. m | O4: Норм. l | P4: Норм. u
A5: C1 | B5: 0.3 | C5: 0.35 | D5: 0.4 | E5: 0.28 | F5: 0.35 | G5: 0.42 | H5: 0.32 | I5: 0.35 | J5: 0.38 | K5: 0.3 | L5: 0.35 | M5: 0.4 | N5: 0.35 | O5: 0.3 | P5: 0.4
A6: C2 | B6: 0.2 | C6: 0.25 | D6: 0.3 | E6: 0.22 | F6: 0.25 | G6: 0.28 | H6: 0.21 | I6: 0.25 | J6: 0.29 | K6: 0.21 | L6: 0.25 | M6: 0.29 | N6: 0.25 | O6: 0.21 | P6: 0.29
A7: C3 | B7: 0.1 | C7: 0.15 | D7: 0.2 | E7: 0.12 | F7: 0.15 | G7: 0.18 | H7: 0.11 | I7: 0.15 | J7: 0.19 | K7: 0.11 | L7: 0.15 | M7: 0.19 | N7: 0.15 | O7: 0.11 | P7: 0.19
A8: C4 | B8: 0.2 | C8: 0.25 | D8: 0.3 | E8: 0.23 | F8: 0.25 | G8: 0.27 | H8: 0.22 | I8: 0.25 | J8: 0.28 | K8: 0.217 | L8: 0.25 | M8: 0.283 | N8: 0.25 | O8: 0.217 | P8: 0.283
A11: 2) Оценки альтернатив по критериям (шкала 1–9; l/m/u)
A12: Критерий | B12: Альтернатива | C12: Никита l | D12: Никита m | E12: Никита u | F12: Александр l | G12: Александр m | H12: Александр u | I12: Кирилл l | J12: Кирилл m | K12: Кирилл u | L12: Среднее l | M12: Среднее m | N12: Среднее u | O12: Defuzz (avg)
A13: C1 | B13: A1 | C13: 8 | D13: 9 | E13: 9.5 | F13: 8.5 | G13: 9 | H13: 9.5 | I13: 8 | J13: 8.5 | K13: 9 | L13: 8.17 | M13: 8.83 | N13: 9.33 | O13: 8.78
A14: C1 | B14: A2 | C14: 5 | D14: 6 | E14: 7 | F14: 5.5 | G14: 6.5 | H14: 7 | I14: 5 | J14: 6 | K14: 6.5 | L14: 5.17 | M14: 6.17 | N14: 6.83 | O14: 6.06
A15: C1 | B15: A3 | C15: 4 | D15: 5 | E15: 6 | F15: 4.5 | G15: 5 | H15: 6 | I15: 4 | J15: 5 | K15: 5.5 | L15: 4.17 | M15: 5 | N15: 5.83 | O15: 5
A16: C1 | B16: A4 | C16: 6.5 | D16: 7.5 | E16: 8 | F16: 6 | G16: 7 | H16: 8 | I16: 6.5 | J16: 7 | K16: 7.5 | L16: 6.33 | M16: 7.17 | N16: 7.83 | O16: 7.11
A17: C2 | B17: A1 | C17: 7.5 | D17: 8.5 | E17: 9 | F17: 8 | G17: 9 | H17: 9.5 | I17: 7.5 | J17: 8 | K17: 9 | L17: 7.67 | M17: 8.5 | N17: 9.17 | O17: 8.44
A18: C2 | B18: A2 | C18: 4.5 | D18: 5.5 | E18: 6.5 | F18: 5 | G18: 6 | H18: 6.5 | I18: 4.5 | J18: 5.5 | K18: 6 | L18: 4.67 | M18: 5.67 | N18: 6.33 | O18: 5.56
A19: C2 | B19: A3 | C19: 3.5 | D19: 4.5 | E19: 5.5 | F19: 4 | G19: 5 | H19: 5.5 | I19: 4 | J19: 4.5 | K19: 5 | L19: 3.83 | M19: 4.67 | N19: 5.33 | O19: 4.61
A20: C2 | B20: A4 | C20: 6 | D20: 7 | E20: 8 | F20: 6.5 | G20: 7.5 | H20: 8 | I20: 6 | J20: 7 | K20: 7.5 | L20: 6.17 | M20: 7.17 | N20: 7.83 | O20: 7.06
A21: C3 | B21: A1 | C21: 8 | D21: 9 | E21: 9.5 | F21: 8.5 | G21: 9.5 | H21: 10 | I21: 8 | J21: 9 | K21: 9.5 | L21: 8.17 | M21: 9.17 | N21: 9.67 | O21: 9
A22: C3 | B22: A2 | C22: 5.5 | D22: 6.5 | E22: 7.5 | F22: 6 | G22: 7 | H22: 7.5 | I22: 5.5 | J22: 6.5 | K22: 7 | L22: 5.67 | M22: 6.67 | N22: 7.33 | O22: 6.56
A23: C3 | B23: A3 | C23: 4.5 | D23: 5.5 | E23: 6.5 | F23: 4.5 | G23: 5.5 | H23: 6 | I23: 4 | J23: 5 | K23: 6 | L23: 4.33 | M23: 5.33 | N23: 6.17 | O23: 5.28
A24: C3 | B24: A4 | C24: 3 | D24: 4 | E24: 5 | F24: 3.5 | G24: 4.5 | H24: 5.5 | I24: 3 | J24: 4 | K24: 5 | L24: 3.17 | M24: 4.17 | N24: 5.17 | O24: 4.17
... A28: C4 | B28: A4 | C28: 6.5 | D28: 7.5 | E28: 8.5 | F28: 6 | G28: 7 | H28: 8 | I28: 6.5 | J28: 7.5 | K28: 8 | L28: 6.33 | M28: 7.33 | N28: 8.17 | O28: 7.28

Sheet FuzzyTOPSIS
A1: Нечёткий коллективный TOPSIS (triangular l/m/u)
A3: Шаг 1. Агрегированная матрица решений X (l/m/u)
A4: Альтернатива | B4: C1 l | C4: C1 m | D4: C1 u | E4: C2 l | F4: C2 m | G4: C2 u | H4: C3 l | I4: C3 m | J4: C3 u | K4: C4 l | L4: C4 m | M4: C4 u
A5: A1 | B5: 8.17 | C5: 8.83 | D5: 9.33 | E5: 7.67 | F5: 8.5 | G5: 9.17 | H5: 8.17 | I5: 9.17 | J5: 9.67 | K5: 7.67 | L5: 8.67 | M5: 9.33
A6: A2 | B6: 5.17 | C6: 6.17 | D6: 6.83 | E6: 4.67 | F6: 5.67 | G6: 6.33 | H6: 5.67 | I6: 6.67 | J6: 7.33 | K6: 4.17 | L6: 5.17 | M6: 6.17
A7: A3 | B7: 4.17 | C7: 5 | D7: 5.83 | E7: 3.83 | F7: 4.67 | G7: 5.33 | H7: 4.33 | I7: 5.33 | J7: 6.17 | K7: 3.67 | L7: 4.67 | M7: 5.5
A8: A4 | B8: 6.33 | C8: 7.17 | D8: 7.83 | E8: 6.17 | F8: 7.17 | G8: 7.83 | H8: 3.17 | I8: 4.17 | J8: 5.17 | K8: 6.33 | L8: 7.33 | M8: 8.17
A10: Норм. коэфф. | B10: 9.33 | E10: 9.17 | H10: 3.17 | K10: 9.33
A12: Шаг 2. Нормализация R (triangular)
A13: Альтернатива | B13: C1 l | C13: C1 m | D13: C1 u | E13: C2 l | F13: C2 m | G13: C2 u | H13: C3 l | I13: C3 m | J13: C3 u | K13: C4 l | L13: C4 m | M13: C4 u
A14: A1 | B14: =B5/B10 -> 0.87566988 | C14: =C5/B10 -> 0.94640943 | D14: =D5/B10 -> 1 | E14: =E5/E10 -> 0.83642312 | F14: =F5/E10 -> 0.92693566 | G14: =G5/E10 -> 1 | H14: =H10/J5 -> 0.32781799 | I14: =H10/I5 -> 0.34569248 | J14: =H10/H5 -> 0.3880049 | K14: =K5/K10 -> 0.82207931 | L14: =L5/K10 -> 0.92926045 | M14: =M5/K10 -> 1
A15: A2 | B15: =B6/B10 -> 0.55412647 | C15: =C6/B10 -> 0.66130761 | D15: =D6/B10 -> 0.73204716 | E15: =E6/E10 -> 0.50926936 | F15: =F6/E10 -> 0.61832061 | G15: =G6/E10 -> 0.69029444 | H15: =H10/J6 -> 0.4324693 | I15: =H10/I6 -> 0.47526237 | J15: =H10/H6 -> 0.55908289 | K15: =K6/K10 -> 0.44694534 | L15: =L6/K10 -> 0.55412647 | M15: =M6/K10 -> 0.66130761
A16: A3 | B16: =B7/B10 -> 0.44694534 | C16: =C7/B10 -> 0.53590568 | D16: =D7/B10 -> 0.62486602 | E16: =E7/E10 -> 0.4176663 | F16: =F7/E10 -> 0.50926936 | G16: =G7/E10 -> 0.58124318 | H16: =H10/J7 -> 0.51377634 | I16: =H10/I7 -> 0.59474672 | J16: =H10/H7 -> 0.73210162 | K16: =K7/K10 -> 0.39335477 | L16: =L7/K10 -> 0.50053591 | M16: =M7/K10 -> 0.58949625
A17: A4 | B17: =B8/B10 -> 0.67845659 | C17: =C8/B10 -> 0.76848875 | D17: =D8/B10 -> 0.8392283 | E17: =E8/E10 -> 0.67284624 | F17: =F8/E10 -> 0.78189749 | G17: =G8/E10 -> 0.85387132 | H17: =H10/J8 -> 0.6131528 | I17: =H10/I8 -> 0.76019185 | J17: =H10/H8 -> 1 | K17: =K8/K10 -> 0.67845659 | L17: =L8/K10 -> 0.78563773 | M17: =M8/K10 -> 0.87566988
A19: Шаг 3. Взвешенная нормализация V = R ⊗ w (w берём из FuzzyInput: Norm l/m/u)
A20: Альтернатива | B20: C1 l | C20: C1 m | D20: C1 u | E20: C2 l | F20: C2 m | G20: C2 u | H20: C3 l | I20: C3 m | J20: C3 u | K20: C4 l | L20: C4 m | M20: C4 u
A21: A1 | B21: =B14*FuzzyInput!O5 -> 0.26270096 | C21: =C14*FuzzyInput!N5 -> 0.3312433 | D21: =D14*FuzzyInput!P5 -> 0.4 | E21: =E14*FuzzyInput!O6 -> 0.17564885 | F21: =F14*FuzzyInput!N6 -> 0.23173391 | G21: =G14*FuzzyInput!P6 -> 0.29 | H21: =H14*FuzzyInput!O7 -> 0.036059979 | I21: =I14*FuzzyInput!N7 -> 0.051853871 | J21: =J14*FuzzyInput!P7 -> 0.07372093 | K21: =K14*FuzzyInput!O8 -> 0.17839121 | L21: =L14*FuzzyInput!N8 -> 0.23231511 | M21: =M14*FuzzyInput!P8 -> 0.283
A22: A2 | B22: =B15*FuzzyInput!O5 -> 0.16623794 | C22: =C15*FuzzyInput!N5 -> 0.23145766 | D22: =D15*FuzzyInput!P5 -> 0.29281886 | E22: =E15*FuzzyInput!O6 -> 0.10694656 | F22: =F15*FuzzyInput!N6 -> 0.15458015 | G22: =G15*FuzzyInput!P6 -> 0.20018539 | H22: =H15*FuzzyInput!O7 -> 0.047571623 | I22: =I15*FuzzyInput!N7 -> 0.071289355 | J22: =J15*FuzzyInput!P7 -> 0.10622575 | K22: =K15*FuzzyInput!O8 -> 0.096987138 | L22: =L15*FuzzyInput!N8 -> 0.13853162 | M22: =M15*FuzzyInput!P8 -> 0.18715005
A23: A3 | B23: =B16*FuzzyInput!O5 -> 0.1340836 | C23: =C16*FuzzyInput!N5 -> 0.18756699 | D23: =D16*FuzzyInput!P5 -> 0.24994641 | E23: =E16*FuzzyInput!O6 -> 0.087709924 | F23: =F16*FuzzyInput!N6 -> 0.12731734 | G23: =G16*FuzzyInput!P6 -> 0.16856052 | H23: =H16*FuzzyInput!O7 -> 0.056515397 | I23: =I16*FuzzyInput!N7 -> 0.089212008 | J23: =J16*FuzzyInput!P7 -> 0.13909931 | K23: =K16*FuzzyInput!O8 -> 0.085357985 | L23: =L16*FuzzyInput!N8 -> 0.12513398 | M23: =M16*FuzzyInput!P8 -> 0.16682744
A24: A4 | B24: =B17*FuzzyInput!O5 -> 0.20353698 | C24: =C17*FuzzyInput!N5 -> 0.26897106 | D24: =D17*FuzzyInput!P5 -> 0.33569132 | E24: =E17*FuzzyInput!O6 -> 0.14129771 | F24: =F17*FuzzyInput!N6 -> 0.19547437 | G24: =G17*FuzzyInput!P6 -> 0.24762268 | H24: =H17*FuzzyInput!O7 -> 0.067446809 | I24: =I17*FuzzyInput!N7 -> 0.11402878 | J24: =J17*FuzzyInput!P7 -> 0.19 | K24: =K17*FuzzyInput!O8 -> 0.14722508 | L24: =L17*FuzzyInput!N8 -> 0.19640943 | M24: =M17*FuzzyInput!P8 -> 0.24781458
A27: Шаг 4–5. FPIS/FNIS и расстояния, коэффициент близости
A28: A* (FPIS) | B28: =MAX(D21:D24) -> 0.4 | C28: =MAX(D21:D24) -> 0.4 | D28: =MAX(D21:D24) -> 0.4 | E28: =MAX(G21:G24) -> 0.29 | F28: =MAX(G21:G24) -> 0.29 | G28: =MAX(G21:G24) -> 0.29 | H28: =MAX(J21:J24) -> 0.19 | I28: =MAX(J21:J24) -> 0.19 | J28: =MAX(J21:J24) -> 0.19 | K28: =MAX(M21:M24) -> 0.283 | L28: =MAX(M21:M24) -> 0.283 | M28: =MAX(M21:M24) -> 0.283
A29: A- (FNIS) | B29: =MIN(B21:B24) -> 0.1340836 | C29: =MIN(B21:B24) -> 0.1340836 | D29: =MIN(B21:B24) -> 0.1340836 | E29: =MIN(E21:E24) -> 0.087709924 | F29: =MIN(E21:E24) -> 0.087709924 | G29: =MIN(E21:E24) -> 0.087709924 | H29: =MIN(H21:H24) -> 0.036059979 | I29: =MIN(H21:H24) -> 0.036059979 | J29: =MIN(H21:H24) -> 0.036059979 | K29: =MIN(K21:K24) -> 0.085357985 | L29: =MIN(K21:K24) -> 0.085357985 | M29: =MIN(K21:K24) -> 0.085357985
A31: Альтернатива | B31: D* (до FPIS) | C31: D- (до FNIS) | D31: CC = D-/(D*+D-) | E31: Ранг
A32: A1 | B32: =SQRT(AVERAGE((B21-B28)^2,(C21-C28)^2,(D21-D28)^2))+SQRT(AVERAGE((E21-E28)^2,(F21-F28)^2,(G21-G28)^2))+SQRT(AVERAGE((H21-H28)^2,(I21-I28)^2,(J21-J28)^2))+SQRT(AVERAGE((K21-K28)^2,(L21-L28)^2,(M21-M28)^2)) -> 0.36685741 | C32: =SQRT(AVERAGE((B21-B29)^2,(C21-C29)^2,(D21-D29)^2))+SQRT(AVERAGE((E21-E29)^2,(F21-F29)^2,(G21-G29)^2))+SQRT(AVERAGE((H21-H29)^2,(I21-I29)^2,(J21-J29)^2))+SQRT(AVERAGE((K21-K29)^2,(L21-L29)^2,(M21-M29)^2)) -> 0.53271537 | D32: =C32/(B32+C32) -> 0.59218707 | E32: =_xlfn.RANK.AVG(D32,$D$32:$D$35,0) -> 1
A33: A2 | B33: =SQRT(AVERAGE((B22-B28)^2,(C22-C28)^2,(D22-D28)^2))+SQRT(AVERAGE((E22-E28)^2,(F22-F28)^2,(G22-G28)^2))+SQRT(AVERAGE((H22-H28)^2,(I22-I28)^2,(J22-J28)^2))+SQRT(AVERAGE((K22-K28)^2,(L22-L28)^2,(M22-M28)^2)) -> 0.58311623 | C33: =SQRT(AVERAGE((B22-B29)^2,(C22-C29)^2,(D22-D29)^2))+SQRT(AVERAGE((E22-E29)^2,(F22-F29)^2,(G22-G29)^2))+SQRT(AVERAGE((H22-H29)^2,(I22-I29)^2,(J22-J29)^2))+SQRT(AVERAGE((K22-K29)^2,(L22-L29)^2,(M22-M29)^2)) -> 0.29792431 | D33: =C33/(B33+C33) -> 0.33815052 | E33: =_xlfn.RANK.AVG(D33,$D$32:$D$35,0) -> 3
A34: A3 | B34: =SQRT(AVERAGE((B23-B28)^2,(C23-C28)^2,(D23-D28)^2))+SQRT(AVERAGE((E23-E28)^2,(F23-F28)^2,(G23-G28)^2))+SQRT(AVERAGE((H23-H28)^2,(I23-I28)^2,(J23-J28)^2))+SQRT(AVERAGE((K23-K28)^2,(L23-L28)^2,(M23-M28)^2)) -> 0.64186342 | C34: =SQRT(AVERAGE((B23-B29)^2,(C23-C29)^2,(D23-D29)^2))+SQRT(AVERAGE((E23-E29)^2,(F23-F29)^2,(G23-G29)^2))+SQRT(AVERAGE((H23-H29)^2,(I23-I29)^2,(J23-J29)^2))+SQRT(AVERAGE((K23-K29)^2,(L23-L29)^2,(M23-M29)^2)) -> 0.24597115 | D34: =C34/(B34+C34) -> 0.27704615 | E34: =_xlfn.RANK.AVG(D34,$D$32:$D$35,0) -> 4
A35: A4 | B35: =SQRT(AVERAGE((B24-B28)^2,(C24-C28)^2,(D24-D28)^2))+SQRT(AVERAGE((E24-E28)^2,(F24-F28)^2,(G24-G28)^2))+SQRT(AVERAGE((H24-H28)^2,(I24-I28)^2,(J24-J28)^2))+SQRT(AVERAGE((K24-K28)^2,(L24-L28)^2,(M24-M28)^2)) -> 0.4243536 | C35: =SQRT(AVERAGE((B24-B29)^2,(C24-C29)^2,(D24-D29)^2))+SQRT(AVERAGE((E24-E29)^2,(F24-F29)^2,(G24-G29)^2))+SQRT(AVERAGE((H24-H29)^2,(I24-I29)^2,(J24-J29)^2))+SQRT(AVERAGE((K24-K29)^2,(L24-L29)^2,(M24-M29)^2)) -> 0.48158615 | D35: =C35/(B35+C35) -> 0.53158739 | E35: =_xlfn.RANK.AVG(D35,$D$32:$D$35,0) -> 2

Sheet AHP
A1: Чёткий коллективный МАИ (AHP) — веса критериев + итоговый рейтинг
A3: 1) Матрица попарных сравнений критериев (групповая)
A4: Критерий | B4: C1 | C4: C2 | D4: C3 | E4: C4
A5: C1 | B5: 1 | C5: 2 | D5: 4 | E5: 2
A6: C2 | B6: 0.5 | C6: 1 | D6: 2 | E6: 1
A7: C3 | B7: 0.25 | C7: 0.5 | D7: 1 | E7: 0.5
A8: C4 | B8: 0.5 | C8: 1 | D8: 2 | E8: 1
A9: Сумма | B9: 2.25 | C9: 4.5 | D9: 9 | E9: 4.5
A11: 2) Нормализация и веса (среднее по строкам)
A12: Критерий | B12: C1 | C12: C2 | D12: C3 | E12: C4 | F12: Вес w
A13: C1 | B13: =B5/B9 -> 0.44444444 | C13: =C5/C9 -> 0.44444444 | D13: =D5/D9 -> 0.44444444 | E13: =E5/E9 -> 0.44444444 | F13: =AVERAGE(B13:E13) -> 0.44444444
A14: C2 | B14: =B6/B9 -> 0.22222222 | C14: =C6/C9 -> 0.22222222 | D14: =D6/D9 -> 0.22222222 | E14: =E6/E9 -> 0.22222222 | F14: =AVERAGE(B14:E14) -> 0.22222222
A15: C3 | B15: =B7/B9 -> 0.11111111 | C15: =C7/C9 -> 0.11111111 | D15: =D7/D9 -> 0.11111111 | E15: =E7/E9 -> 0.11111111 | F15: =AVERAGE(B15:E15) -> 0.11111111
A16: C4 | B16: =B8/B9 -> 0.22222222 | C16: =C8/C9 -> 0.22222222 | D16: =D8/D9 -> 0.22222222 | E16: =E8/E9 -> 0.22222222 | F16: =AVERAGE(B16:E16) -> 0.22222222
A18: 3) Проверка согласованности (CI/CR)
A19: A*w | B19: (A*w)_i | C19: λ_i
A20: C1 | B20: =B5*$F$13+C5*$F$14+D5*$F$15+E5*$F$16 -> 1.7777778 | C20: =B20/$F$13 -> 4 | E20: λ_max | F20: =AVERAGE(C20:C23) -> 4
A21: C2 | B21: =B6*$F$13+C6*$F$14+D6*$F$15+E6*$F$16 -> 0.88888889 | C21: =B21/$F$14 -> 4 | E21: CI | F21: =(F20-4)/(4-1) -> 0
A22: C3 | B22: =B7*$F$13+C7*$F$14+D7*$F$15+E7*$F$16 -> 0.44444444 | C22: =B22/$F$15 -> 4 | E22: RI | F22: 0.9
A23: C4 | B23: =B8*$F$13+C8*$F$14+D8*$F$15+E8*$F$16 -> 0.88888889 | C23: =B23/$F$16 -> 4 | E23: CR | F23: =F21/F22 -> 0
A26: 4) Итоговый рейтинг альтернатив (взвешенная сумма нормированных оценок)
A27: Альтернатива | B27: C1 score | C27: C2 score | D27: C3 score | E27: C4 score | F27: Итог | G27: Ранг
A28: A1 | B28: =FuzzyInput!O13/(FuzzyInput!O13+FuzzyInput!O14+FuzzyInput!O15+FuzzyInput!O16) -> 0.3257885 | C28: =FuzzyInput!O17/(FuzzyInput!O17+FuzzyInput!O18+FuzzyInput!O19+FuzzyInput!O20) -> 0.32878847 | D28: =(1/FuzzyInput!O21)/(1/FuzzyInput!O21+1/FuzzyInput!O22+1/FuzzyInput!O23+1/FuzzyInput!O24) -> 0.16039084 | E28: =FuzzyInput!O25/(FuzzyInput!O25+FuzzyInput!O26+FuzzyInput!O27+FuzzyInput!O28) -> 0.33411397 | F28: =B28*$F$13+C28*$F$14+D28*$F$15+E28*$F$16 -> 0.30992775 | G28: =_xlfn.RANK.EQ(F28,$F$28:$F$31,0) -> 1
A29: A2 | B29: =FuzzyInput!O14/(FuzzyInput!O13+FuzzyInput!O14+FuzzyInput!O15+FuzzyInput!O16) -> 0.22486085 | C29: =FuzzyInput!O18/(FuzzyInput!O17+FuzzyInput!O18+FuzzyInput!O19+FuzzyInput!O20) -> 0.21659525 | D29: =(1/FuzzyInput!O22)/(1/FuzzyInput!O21+1/FuzzyInput!O22+1/FuzzyInput!O23+1/FuzzyInput!O24) -> 0.22004841 | E29: =FuzzyInput!O26/(FuzzyInput!O25+FuzzyInput!O26+FuzzyInput!O27+FuzzyInput!O28) -> 0.20179547 | F29: =B29*$F$13+C29*$F$14+D29*$F$15+E29*$F$16 -> 0.2173637 | G29: =_xlfn.RANK.EQ(F29,$F$28:$F$31,0) -> 3
A30: A3 | B30: =FuzzyInput!O15/(FuzzyInput!O13+FuzzyInput!O14+FuzzyInput!O15+FuzzyInput!O16) -> 0.18552876 | C30: =FuzzyInput!O19/(FuzzyInput!O17+FuzzyInput!O18+FuzzyInput!O19+FuzzyInput!O20) -> 0.17958707 | D30: =(1/FuzzyInput!O23)/(1/FuzzyInput!O21+1/FuzzyInput!O22+1/FuzzyInput!O23+1/FuzzyInput!O24) -> 0.27339348 | E30: =FuzzyInput!O27/(FuzzyInput!O25+FuzzyInput!O26+FuzzyInput!O27+FuzzyInput!O28) -> 0.17993755 | F30: =B30*$F$13+C30*$F$14+D30*$F$15+E30*$F$16 -> 0.19272864 | G30: =_xlfn.RANK.EQ(F30,$F$28:$F$31,0) -> 4
A31: A4 | B31: =FuzzyInput!O16/(FuzzyInput!O13+FuzzyInput!O14+FuzzyInput!O15+FuzzyInput!O16) -> 0.26382189 | C31: =FuzzyInput!O20/(FuzzyInput!O17+FuzzyInput!O18+FuzzyInput!O19+FuzzyInput!O20) -> 0.27502922 | D31: =(1/FuzzyInput!O24)/(1/FuzzyInput!O21+1/FuzzyInput!O22+1/FuzzyInput!O23+1/FuzzyInput!O24) -> 0.34616728 | E31: =FuzzyInput!O28/(FuzzyInput!O25+FuzzyInput!O26+FuzzyInput!O27+FuzzyInput!O28) -> 0.28415301 | F31: =B31*$F$13+C31*$F$14+D31*$F$15+E31*$F$16 -> 0.27997992 | G31: =_xlfn.RANK.EQ(F31,$F$28:$F$31,0) -> 2

Sheet Summary
A1: Фаза 1 — Итоги расчётов
A3: TOPSIS (CC) | E3: AHP (итоговый балл)
A4: Альтернатива | B4: CC | C4: Ранг | E4: Альтернатива | F4: Score | G4: Ранг
A5: A1 | B5: =FuzzyTOPSIS!D32 -> 0.59218707 | C5: =FuzzyTOPSIS!E32 -> 1 | E5: A1 | F5: =AHP!F28 -> 0.30992775 | G5: =AHP!G28 -> 1
A6: A2 | B6: =FuzzyTOPSIS!D33 -> 0.33815052 | C6: =FuzzyTOPSIS!E33 -> 3 | E6: A2 | F6: =AHP!F29 -> 0.2173637 | G6: =AHP!G29 -> 3
A7: A3 | B7: =FuzzyTOPSIS!D34 -> 0.27704615 | C7: =FuzzyTOPSIS!E34 -> 4 | E7: A3 | F7: =AHP!F30 -> 0.19272864 | G7: =AHP!G30 -> 4
A8: A4 | B8: =FuzzyTOPSIS!D35 -> 0.53158739 | C8: =FuzzyTOPSIS!E35 -> 2 | E8: A4 | F8: =AHP!F31 -> 0.27997992 | G8: =AHP!G31 -> 2
